city,hotel_name,hotel_score,url,description
Aix en Provence,Hôtel Paul,8.6,https://www.booking.com/hotel/fr/paul.fr.html?aid=304142&label=gen173nr-10CAQoggJCFnNlYXJjaF9haXggZW4gcHJvdmVuY2VIDVgEaE2IAQGYATO4ARfIAQzYAQPoAQH4AQGIAgGoAgG4AsqQrNAGwAIB0gIkMDM0NjdiYWYtMzZhNC00NmJhLWJkODctYzIzMjkwZDYxM2I12AIB4AIB&ucfs=1&arphpl=1&group_adults=2&req_adults=2&no_rooms=1&group_children=0&req_children=0&hpos=1&hapos=1&sr_order=popularity&srpvid=921f58e5246b061f&srepoch=1779107919&from=searchresults,
Aix en Provence,Appartement des Augustins,9.2,https://www.booking.com/hotel/fr/appart-des-augustins.fr.html?aid=304142&label=gen173nr-10CAQoggJCFnNlYXJjaF9haXggZW4gcHJvdmVuY2VIDVgEaE2IAQGYATO4ARfIAQzYAQPoAQH4AQGIAgGoAgG4AsqQrNAGwAIB0gIkMDM0NjdiYWYtMzZhNC00NmJhLWJkODctYzIzMjkwZDYxM2I12AIB4AIB&ucfs=1&arphpl=1&group_adults=2&req_adults=2&no_rooms=1&group_children=0&req_children=0&hpos=2&hapos=2&sr_order=popularity&srpvid=921f58e5246b061f&srepoch=1779107919&from=searchresults,
Aix en Provence,Hôtel des Augustins,8.4,https://www.booking.com/hotel/fr/les-augustins.fr.html?aid=304142&label=gen173nr-10CAQoggJCFnNlYXJjaF9haXggZW4gcHJvdmVuY2VIDVgEaE2IAQGYATO4ARfIAQzYAQPoAQH4AQGIAgGoAgG4AsqQrNAGwAIB0gIkMDM0NjdiYWYtMzZhNC00NmJhLWJkODctYzIzMjkwZDYxM2I12AIB4AIB&ucfs=1&arphpl=1&group_adults=2&req_adults=2&no_rooms=1&group_children=0&req_children=0&hpos=3&hapos=3&sr_order=popularity&srpvid=921f58e5246b061f&srepoch=1779107919&from=searchresults,
Aix en Provence,Petit havre de paix en Provence!!!,,https://www.booking.com/hotel/fr/la-colombiere-charme-cote-sud-avec-piscine.fr.html?aid=304142&label=gen173nr-10CAQoggJCFnNlYXJjaF9haXggZW4gcHJvdmVuY2VIDVgEaE2IAQGYATO4ARfIAQzYAQPoAQH4AQGIAgGoAgG4AsqQrNAGwAIB0gIkMDM0NjdiYWYtMzZhNC00NmJhLWJkODctYzIzMjkwZDYxM2I12AIB4AIB&ucfs=1&arphpl=1&group_adults=2&req_adults=2&no_rooms=1&group_children=0&req_children=0&hpos=4&hapos=4&sr_order=popularity&srpvid=921f58e5246b061f&srepoch=1779107919&from=searchresults,
Aix en Provence,Le Concorde,8.0,https://www.booking.com/hotel/fr/le-concorde-sarl-aix-en-provence.fr.html?aid=304142&label=gen173nr-10CAQoggJCFnNlYXJjaF9haXggZW4gcHJvdmVuY2VIDVgEaE2IAQGYATO4ARfIAQzYAQPoAQH4AQGIAgGoAgG4AsqQrNAGwAIB0gIkMDM0NjdiYWYtMzZhNC00NmJhLWJkODctYzIzMjkwZDYxM2I12AIB4AIB&ucfs=1&arphpl=1&group_adults=2&req_adults=2&no_rooms=1&group_children=0&req_children=0&hpos=5&hapos=5&sr_order=popularity&srpvid=921f58e5246b061f&srepoch=1779107919&from=searchresults,
Aix en Provence,Aquabella Hôtel & Spa,8.8,https://www.booking.com/hotel/fr/hotel-aquabella.fr.html?aid=304142&label=gen173nr-10CAQoggJCFnNlYXJjaF9haXggZW4gcHJvdmVuY2VIDVgEaE2IAQGYATO4ARfIAQzYAQPoAQH4AQGIAgGoAgG4AsqQrNAGwAIB0gIkMDM0NjdiYWYtMzZhNC00NmJhLWJkODctYzIzMjkwZDYxM2I12AIB4AIB&ucfs=1&arphpl=1&group_adults=2&req_adults=2&no_rooms=1&group_children=0&req_children=0&hpos=6&hapos=6&sr_order=popularity&srpvid=921f58e5246b061f&srepoch=1779107919&from=searchresults,
Aix en Provence,Hôtel Rotonde Aix-en-Provence centre,8.0,https://www.booking.com/hotel/fr/rotonde.fr.html?aid=304142&label=gen173nr-10CAQoggJCFnNlYXJjaF9haXggZW4gcHJvdmVuY2VIDVgEaE2IAQGYATO4ARfIAQzYAQPoAQH4AQGIAgGoAgG4AsqQrNAGwAIB0gIkMDM0NjdiYWYtMzZhNC00NmJhLWJkODctYzIzMjkwZDYxM2I12AIB4AIB&ucfs=1&arphpl=1&group_adults=2&req_adults=2&no_rooms=1&group_children=0&req_children=0&hpos=7&hapos=7&sr_order=popularity&srpvid=921f58e5246b061f&srepoch=1779107919&from=searchresults,
Aix en Provence,Casa Stay,8.2,https://www.booking.com/hotel/fr/casa-hom.fr.html?aid=304142&label=gen173nr-10CAQoggJCFnNlYXJjaF9haXggZW4gcHJvdmVuY2VIDVgEaE2IAQGYATO4ARfIAQzYAQPoAQH4AQGIAgGoAgG4AsqQrNAGwAIB0gIkMDM0NjdiYWYtMzZhNC00NmJhLWJkODctYzIzMjkwZDYxM2I12AIB4AIB&ucfs=1&arphpl=1&group_adults=2&req_adults=2&no_rooms=1&group_children=0&req_children=0&hpos=8&hapos=8&sr_order=popularity&srpvid=921f58e5246b061f&srepoch=1779107919&from=searchresults,
Aix en Provence,Grand Hôtel Roi René Aix - MGallery Collection,8.4,https://www.booking.com/hotel/fr/grand-mercure-roi-rene.fr.html?aid=304142&label=gen173nr-10CAQoggJCFnNlYXJjaF9haXggZW4gcHJvdmVuY2VIDVgEaE2IAQGYATO4ARfIAQzYAQPoAQH4AQGIAgGoAgG4AsqQrNAGwAIB0gIkMDM0NjdiYWYtMzZhNC00NmJhLWJkODctYzIzMjkwZDYxM2I12AIB4AIB&ucfs=1&arphpl=1&group_adults=2&req_adults=2&no_rooms=1&group_children=0&req_children=0&hpos=9&hapos=9&sr_order=popularity&srpvid=921f58e5246b061f&srepoch=1779107919&from_sustainable_property_sr=1&from=searchresults,
Aix en Provence,Hôtel Boutique Cézanne centre Aix-en-Provence,8.7,https://www.booking.com/hotel/fr/cezanne-aix-en-provence.fr.html?aid=304142&label=gen173nr-10CAQoggJCFnNlYXJjaF9haXggZW4gcHJvdmVuY2VIDVgEaE2IAQGYATO4ARfIAQzYAQPoAQH4AQGIAgGoAgG4AsqQrNAGwAIB0gIkMDM0NjdiYWYtMzZhNC00NmJhLWJkODctYzIzMjkwZDYxM2I12AIB4AIB&ucfs=1&arphpl=1&group_adults=2&req_adults=2&no_rooms=1&group_children=0&req_children=0&hpos=10&hapos=10&sr_order=popularity&srpvid=921f58e5246b061f&srepoch=1779107919&from=searchresults,
Avignon,Les Cachettes,8.7,https://www.booking.com/hotel/fr/nos-cachettes.fr.html?aid=304142&label=gen173bo-10CAQoggJCFnNlYXJjaF9hdmlnbm9uLCBmcmFuY2VIDVgDaE2IAQGYATO4ARfIAQzYAQPoAQH4AQGIAgGYAgKoAgG4AuWQrNAGwAIB0gIkODA0ODMwYWEtNWU1Yi00ZmZlLTgzM2QtZjU3ZjBjNWE2ZGZj2AIB4AIB&ucfs=1&arphpl=1&group_adults=2&req_adults=2&no_rooms=1&group_children=0&req_children=0&hpos=1&hapos=1&sr_order=popularity&srpvid=ccd358f231fb017d&srepoch=1779107945&from=searchresults,
Avignon,Kyriad Avignon - Palais des Papes,8.4,https://www.booking.com/hotel/fr/kyriad-avignon-palais-des-papes-xml.fr.html?aid=304142&label=gen173bo-10CAQoggJCFnNlYXJjaF9hdmlnbm9uLCBmcmFuY2VIDVgDaE2IAQGYATO4ARfIAQzYAQPoAQH4AQGIAgGYAgKoAgG4AuWQrNAGwAIB0gIkODA0ODMwYWEtNWU1Yi00ZmZlLTgzM2QtZjU3ZjBjNWE2ZGZj2AIB4AIB&ucfs=1&arphpl=1&group_adults=2&req_adults=2&no_rooms=1&group_children=0&req_children=0&hpos=2&hapos=2&sr_order=popularity&srpvid=ccd358f231fb017d&srepoch=1779107945&from=searchresults,
Avignon,CLIMATISATION-Hypercentre-PARKING-COSY CARNOT-AVIGNONSMILE,7.6,https://www.booking.com/hotel/fr/hypercentre-cosy-carnot-avignonsmile.fr.html?aid=304142&label=gen173bo-10CAQoggJCFnNlYXJjaF9hdmlnbm9uLCBmcmFuY2VIDVgDaE2IAQGYATO4ARfIAQzYAQPoAQH4AQGIAgGYAgKoAgG4AuWQrNAGwAIB0gIkODA0ODMwYWEtNWU1Yi00ZmZlLTgzM2QtZjU3ZjBjNWE2ZGZj2AIB4AIB&ucfs=1&arphpl=1&group_adults=2&req_adults=2&no_rooms=1&group_children=0&req_children=0&hpos=3&hapos=3&sr_order=popularity&srpvid=ccd358f231fb017d&srepoch=1779107945&from=searchresults,
Avignon,Maison Jacob - Hyper centre - Maison historique - Air conditioning - Wifi,8.6,https://www.booking.com/hotel/fr/maison-jacob-avignon.fr.html?aid=304142&label=gen173bo-10CAQoggJCFnNlYXJjaF9hdmlnbm9uLCBmcmFuY2VIDVgDaE2IAQGYATO4ARfIAQzYAQPoAQH4AQGIAgGYAgKoAgG4AuWQrNAGwAIB0gIkODA0ODMwYWEtNWU1Yi00ZmZlLTgzM2QtZjU3ZjBjNWE2ZGZj2AIB4AIB&ucfs=1&arphpl=1&group_adults=2&req_adults=2&no_rooms=1&group_children=0&req_children=0&hpos=4&hapos=4&sr_order=popularity&srpvid=ccd358f231fb017d&srepoch=1779107945&from=searchresults,
Avignon,Apartment 40m2-Air conditioning-Elevator-Underground parking-Self checkin! Appart climatisé 40m2-Ascenseur-Parking souterrain -Arrivée autonome,9.8,https://www.booking.com/hotel/fr/appart-parking-arrivee-autonome.fr.html?aid=304142&label=gen173bo-10CAQoggJCFnNlYXJjaF9hdmlnbm9uLCBmcmFuY2VIDVgDaE2IAQGYATO4ARfIAQzYAQPoAQH4AQGIAgGYAgKoAgG4AuWQrNAGwAIB0gIkODA0ODMwYWEtNWU1Yi00ZmZlLTgzM2QtZjU3ZjBjNWE2ZGZj2AIB4AIB&ucfs=1&arphpl=1&group_adults=2&req_adults=2&no_rooms=1&group_children=0&req_children=0&hpos=5&hapos=5&sr_order=popularity&srpvid=ccd358f231fb017d&srepoch=1779107945&from=searchresults,
Avignon,Chez Flo,9.7,https://www.booking.com/hotel/fr/chez-flo-avignon.fr.html?aid=304142&label=gen173bo-10CAQoggJCFnNlYXJjaF9hdmlnbm9uLCBmcmFuY2VIDVgDaE2IAQGYATO4ARfIAQzYAQPoAQH4AQGIAgGYAgKoAgG4AuWQrNAGwAIB0gIkODA0ODMwYWEtNWU1Yi00ZmZlLTgzM2QtZjU3ZjBjNWE2ZGZj2AIB4AIB&ucfs=1&arphpl=1&group_adults=2&req_adults=2&no_rooms=1&group_children=0&req_children=0&hpos=6&hapos=6&sr_order=popularity&srpvid=ccd358f231fb017d&srepoch=1779107945&from=searchresults,
Avignon,Hôtel Le Bristol,8.3,https://www.booking.com/hotel/fr/hotel-bristol-avignon.fr.html?aid=304142&label=gen173bo-10CAQoggJCFnNlYXJjaF9hdmlnbm9uLCBmcmFuY2VIDVgDaE2IAQGYATO4ARfIAQzYAQPoAQH4AQGIAgGYAgKoAgG4AuWQrNAGwAIB0gIkODA0ODMwYWEtNWU1Yi00ZmZlLTgzM2QtZjU3ZjBjNWE2ZGZj2AIB4AIB&ucfs=1&arphpl=1&group_adults=2&req_adults=2&no_rooms=1&group_children=0&req_children=0&hpos=7&hapos=7&sr_order=popularity&srpvid=ccd358f231fb017d&srepoch=1779107945&from_sustainable_property_sr=1&from=searchresults,
Avignon,Maison Rascas - Centre historique - Air conditioning- wifi,8.7,https://www.booking.com/hotel/fr/maison-rascas.fr.html?aid=304142&label=gen173bo-10CAQoggJCFnNlYXJjaF9hdmlnbm9uLCBmcmFuY2VIDVgDaE2IAQGYATO4ARfIAQzYAQPoAQH4AQGIAgGYAgKoAgG4AuWQrNAGwAIB0gIkODA0ODMwYWEtNWU1Yi00ZmZlLTgzM2QtZjU3ZjBjNWE2ZGZj2AIB4AIB&ucfs=1&arphpl=1&group_adults=2&req_adults=2&no_rooms=1&group_children=0&req_children=0&hpos=8&hapos=8&sr_order=popularity&srpvid=ccd358f231fb017d&srepoch=1779107945&from=searchresults,
Avignon,Bel Appart avec CLIM en DUPLEX - TERRASSE - Wifi,9.0,https://www.booking.com/hotel/fr/bel-appart-avec-clim-en-duplex-terrasse-wifi.fr.html?aid=304142&label=gen173bo-10CAQoggJCFnNlYXJjaF9hdmlnbm9uLCBmcmFuY2VIDVgDaE2IAQGYATO4ARfIAQzYAQPoAQH4AQGIAgGYAgKoAgG4AuWQrNAGwAIB0gIkODA0ODMwYWEtNWU1Yi00ZmZlLTgzM2QtZjU3ZjBjNWE2ZGZj2AIB4AIB&ucfs=1&arphpl=1&group_adults=2&req_adults=2&no_rooms=1&group_children=0&req_children=0&hpos=9&hapos=9&sr_order=popularity&srpvid=ccd358f231fb017d&srepoch=1779107945&from=searchresults,
Avignon,"Duplex-Ceiling height 1,9m-Free private parking-Self check in !! Duplex climatisé-Hauteur sous plafond 1,9m-Parking privé gratuit-Arrivée autonome !!",9.7,https://www.booking.com/hotel/fr/duplex-climatise-au-centre-ville-d-avignon-avec-parking-prive-gratuit.fr.html?aid=304142&label=gen173bo-10CAQoggJCFnNlYXJjaF9hdmlnbm9uLCBmcmFuY2VIDVgDaE2IAQGYATO4ARfIAQzYAQPoAQH4AQGIAgGYAgKoAgG4AuWQrNAGwAIB0gIkODA0ODMwYWEtNWU1Yi00ZmZlLTgzM2QtZjU3ZjBjNWE2ZGZj2AIB4AIB&ucfs=1&arphpl=1&group_adults=2&req_adults=2&no_rooms=1&group_children=0&req_children=0&hpos=10&hapos=10&sr_order=popularity&srpvid=ccd358f231fb017d&srepoch=1779107945&from=searchresults,
Bayonne,Hotel Cote Basque,8.1,https://www.booking.com/hotel/fr/cote-basque.fr.html?aid=304142&label=gen173nr-10CAQoggJCFnNlYXJjaF9iYXlvbm5lLCBmcmFuY2VIDVgEaE2IAQGYATO4ARfIAQzYAQPoAQH4AQGIAgGoAgG4AreXrNAGwAIB0gIkYWM5M2E3ZjUtYmQxYy00MzFlLWE4NTUtNjM2M2Q0MTgzMzAy2AIB4AIB&ucfs=1&arphpl=1&group_adults=2&req_adults=2&no_rooms=1&group_children=0&req_children=0&hpos=1&hapos=1&sr_order=popularity&srpvid=b2305a9b1c7707b1&srepoch=1779108794&from=searchresults,
Bayonne,Hôtel Le Bayonne,8.3,https://www.booking.com/hotel/fr/le-bayonne-ha-tel.fr.html?aid=304142&label=gen173nr-10CAQoggJCFnNlYXJjaF9iYXlvbm5lLCBmcmFuY2VIDVgEaE2IAQGYATO4ARfIAQzYAQPoAQH4AQGIAgGoAgG4AreXrNAGwAIB0gIkYWM5M2E3ZjUtYmQxYy00MzFlLWE4NTUtNjM2M2Q0MTgzMzAy2AIB4AIB&ucfs=1&arphpl=1&group_adults=2&req_adults=2&no_rooms=1&group_children=0&req_children=0&hpos=2&hapos=2&sr_order=popularity&srpvid=b2305a9b1c7707b1&srepoch=1779108794&from=searchresults,
Bayonne,OKKO Hotels Bayonne Centre,8.3,https://www.booking.com/hotel/fr/okko-hotels-bayonne-centre.fr.html?aid=304142&label=gen173nr-10CAQoggJCFnNlYXJjaF9iYXlvbm5lLCBmcmFuY2VIDVgEaE2IAQGYATO4ARfIAQzYAQPoAQH4AQGIAgGoAgG4AreXrNAGwAIB0gIkYWM5M2E3ZjUtYmQxYy00MzFlLWE4NTUtNjM2M2Q0MTgzMzAy2AIB4AIB&ucfs=1&arphpl=1&group_adults=2&req_adults=2&no_rooms=1&group_children=0&req_children=0&hpos=3&hapos=3&sr_order=popularity&srpvid=b2305a9b1c7707b1&srepoch=1779108794&from_sustainable_property_sr=1&from=searchresults,
Bayonne,Hôtel Villa KOEGUI Bayonne,8.9,https://www.booking.com/hotel/fr/villa-koegui-bayonne.fr.html?aid=304142&label=gen173nr-10CAQoggJCFnNlYXJjaF9iYXlvbm5lLCBmcmFuY2VIDVgEaE2IAQGYATO4ARfIAQzYAQPoAQH4AQGIAgGoAgG4AreXrNAGwAIB0gIkYWM5M2E3ZjUtYmQxYy00MzFlLWE4NTUtNjM2M2Q0MTgzMzAy2AIB4AIB&ucfs=1&arphpl=1&group_adults=2&req_adults=2&no_rooms=1&group_children=0&req_children=0&hpos=4&hapos=4&sr_order=popularity&srpvid=b2305a9b1c7707b1&srepoch=1779108794&from=searchresults,
Bayonne,Boutique Hôtel Un Appart en Ville,8.4,https://www.booking.com/hotel/fr/un-appart-en-ville-bayonne1.fr.html?aid=304142&label=gen173nr-10CAQoggJCFnNlYXJjaF9iYXlvbm5lLCBmcmFuY2VIDVgEaE2IAQGYATO4ARfIAQzYAQPoAQH4AQGIAgGoAgG4AreXrNAGwAIB0gIkYWM5M2E3ZjUtYmQxYy00MzFlLWE4NTUtNjM2M2Q0MTgzMzAy2AIB4AIB&ucfs=1&arphpl=1&group_adults=2&req_adults=2&no_rooms=1&group_children=0&req_children=0&hpos=5&hapos=5&sr_order=popularity&srpvid=b2305a9b1c7707b1&srepoch=1779108794&from=searchresults,
Bayonne,Agréable T2 cosy proche du centre de Bayonne,8.1,https://www.booking.com/hotel/fr/agreable-t2-cosy-proche-du-centre-de-bayonne.fr.html?aid=304142&label=gen173nr-10CAQoggJCFnNlYXJjaF9iYXlvbm5lLCBmcmFuY2VIDVgEaE2IAQGYATO4ARfIAQzYAQPoAQH4AQGIAgGoAgG4AreXrNAGwAIB0gIkYWM5M2E3ZjUtYmQxYy00MzFlLWE4NTUtNjM2M2Q0MTgzMzAy2AIB4AIB&ucfs=1&arphpl=1&group_adults=2&req_adults=2&no_rooms=1&group_children=0&req_children=0&hpos=6&hapos=6&sr_order=popularity&srpvid=b2305a9b1c7707b1&srepoch=1779108794&from=searchresults,
Bayonne,Izabel Etxea,9.1,https://www.booking.com/hotel/fr/izabel-etxea.fr.html?aid=304142&label=gen173nr-10CAQoggJCFnNlYXJjaF9iYXlvbm5lLCBmcmFuY2VIDVgEaE2IAQGYATO4ARfIAQzYAQPoAQH4AQGIAgGoAgG4AreXrNAGwAIB0gIkYWM5M2E3ZjUtYmQxYy00MzFlLWE4NTUtNjM2M2Q0MTgzMzAy2AIB4AIB&ucfs=1&arphpl=1&group_adults=2&req_adults=2&no_rooms=1&group_children=0&req_children=0&hpos=7&hapos=7&sr_order=popularity&srpvid=b2305a9b1c7707b1&srepoch=1779108794&from=searchresults,
Bayonne,cocon du petit Bayonne,8.2,https://www.booking.com/hotel/fr/cocon-du-petit-bayonne.fr.html?aid=304142&label=gen173nr-10CAQoggJCFnNlYXJjaF9iYXlvbm5lLCBmcmFuY2VIDVgEaE2IAQGYATO4ARfIAQzYAQPoAQH4AQGIAgGoAgG4AreXrNAGwAIB0gIkYWM5M2E3ZjUtYmQxYy00MzFlLWE4NTUtNjM2M2Q0MTgzMzAy2AIB4AIB&ucfs=1&arphpl=1&group_adults=2&req_adults=2&no_rooms=1&group_children=0&req_children=0&hpos=8&hapos=8&sr_order=popularity&srpvid=b2305a9b1c7707b1&srepoch=1779108794&from=searchresults,
Bayonne,Adonis Hotel Bayonne,7.8,https://www.booking.com/hotel/fr/adonis-bayonne.fr.html?aid=304142&label=gen173nr-10CAQoggJCFnNlYXJjaF9iYXlvbm5lLCBmcmFuY2VIDVgEaE2IAQGYATO4ARfIAQzYAQPoAQH4AQGIAgGoAgG4AreXrNAGwAIB0gIkYWM5M2E3ZjUtYmQxYy00MzFlLWE4NTUtNjM2M2Q0MTgzMzAy2AIB4AIB&ucfs=1&arphpl=1&group_adults=2&req_adults=2&no_rooms=1&group_children=0&req_children=0&hpos=9&hapos=9&sr_order=popularity&srpvid=b2305a9b1c7707b1&srepoch=1779108794&from=searchresults,
Bayonne,Maison d'hôtes City Break MIRADOUR,8.4,https://www.booking.com/hotel/fr/city-break-miradour.fr.html?aid=304142&label=gen173nr-10CAQoggJCFnNlYXJjaF9iYXlvbm5lLCBmcmFuY2VIDVgEaE2IAQGYATO4ARfIAQzYAQPoAQH4AQGIAgGoAgG4AreXrNAGwAIB0gIkYWM5M2E3ZjUtYmQxYy00MzFlLWE4NTUtNjM2M2Q0MTgzMzAy2AIB4AIB&ucfs=1&arphpl=1&group_adults=2&req_adults=2&no_rooms=1&group_children=0&req_children=0&hpos=10&hapos=10&sr_order=popularity&srpvid=b2305a9b1c7707b1&srepoch=1779108794&from=searchresults,
Bormes les Mimosas,La Recampado,9.6,https://www.booking.com/hotel/fr/la-recampado-bormes-les-mimosas.fr.html?aid=304142&label=gen173nr-10CAQoggJCGXNlYXJjaF9ib3JtZXMgbGVzIG1pbW9zYXNIDVgEaE2IAQGYATO4ARfIAQzYAQPoAQH4AQGIAgGoAgG4ArXltM8GwAIB0gIkZWRkZDA1NWItMWE1Zi00M2IzLWI1NmYtYWRmNGJmMGI1MTMx2AIB4AIB&ucfs=1&arphpl=1&group_adults=2&req_adults=2&no_rooms=1&group_children=0&req_children=0&hpos=1&hapos=1&sr_order=popularity&srpvid=5dde975a972e00f6&srepoch=1777152695&from=searchresults,
Bormes les Mimosas,Le studio TAHITI 4 pers 600m de la plage la favière,9.3,https://www.booking.com/hotel/fr/le-studio-tahiti-4-pers-200m-de-la-plage.fr.html?aid=304142&label=gen173nr-10CAQoggJCGXNlYXJjaF9ib3JtZXMgbGVzIG1pbW9zYXNIDVgEaE2IAQGYATO4ARfIAQzYAQPoAQH4AQGIAgGoAgG4ArXltM8GwAIB0gIkZWRkZDA1NWItMWE1Zi00M2IzLWI1NmYtYWRmNGJmMGI1MTMx2AIB4AIB&ucfs=1&arphpl=1&group_adults=2&req_adults=2&no_rooms=1&group_children=0&req_children=0&hpos=2&hapos=2&sr_order=popularity&srpvid=5dde975a972e00f6&srepoch=1777152695&from=searchresults,
Bormes les Mimosas,Villa Nais B&B - Piscine & Padel proche plages,9.4,https://www.booking.com/hotel/fr/villa-nais.fr.html?aid=304142&label=gen173nr-10CAQoggJCGXNlYXJjaF9ib3JtZXMgbGVzIG1pbW9zYXNIDVgEaE2IAQGYATO4ARfIAQzYAQPoAQH4AQGIAgGoAgG4ArXltM8GwAIB0gIkZWRkZDA1NWItMWE1Zi00M2IzLWI1NmYtYWRmNGJmMGI1MTMx2AIB4AIB&ucfs=1&arphpl=1&group_adults=2&req_adults=2&no_rooms=1&group_children=0&req_children=0&hpos=3&hapos=3&sr_order=popularity&srpvid=5dde975a972e00f6&srepoch=1777152695&from=searchresults,
Bormes les Mimosas,La Villa Des Coustellines,,https://www.booking.com/hotel/fr/la-villa-des-coustellines.fr.html?aid=304142&label=gen173nr-10CAQoggJCGXNlYXJjaF9ib3JtZXMgbGVzIG1pbW9zYXNIDVgEaE2IAQGYATO4ARfIAQzYAQPoAQH4AQGIAgGoAgG4ArXltM8GwAIB0gIkZWRkZDA1NWItMWE1Zi00M2IzLWI1NmYtYWRmNGJmMGI1MTMx2AIB4AIB&ucfs=1&arphpl=1&group_adults=2&req_adults=2&no_rooms=1&group_children=0&req_children=0&hpos=4&hapos=4&sr_order=popularity&srpvid=5dde975a972e00f6&srepoch=1777152695&from=searchresults,
Bormes les Mimosas,"T2, climatisé, 100 m plage et port avec parking privé dans résidence fermée",,https://www.booking.com/hotel/fr/t2-climatise-100-m-plage-et-port.fr.html?aid=304142&label=gen173nr-10CAQoggJCGXNlYXJjaF9ib3JtZXMgbGVzIG1pbW9zYXNIDVgEaE2IAQGYATO4ARfIAQzYAQPoAQH4AQGIAgGoAgG4ArXltM8GwAIB0gIkZWRkZDA1NWItMWE1Zi00M2IzLWI1NmYtYWRmNGJmMGI1MTMx2AIB4AIB&ucfs=1&arphpl=1&group_adults=2&req_adults=2&no_rooms=1&group_children=0&req_children=0&hpos=5&hapos=5&sr_order=popularity&srpvid=5dde975a972e00f6&srepoch=1777152695&from=searchresults,
Bormes les Mimosas,Le Mas de la Palmeraie - Appartement dans propriété privée au calme avec piscine et tennis,9.4,https://www.booking.com/hotel/fr/le-mas-de-la-palmeraie-appartement-dans-propriete-privee-au-calme-avec-piscine-e.fr.html?aid=304142&label=gen173nr-10CAQoggJCGXNlYXJjaF9ib3JtZXMgbGVzIG1pbW9zYXNIDVgEaE2IAQGYATO4ARfIAQzYAQPoAQH4AQGIAgGoAgG4ArXltM8GwAIB0gIkZWRkZDA1NWItMWE1Zi00M2IzLWI1NmYtYWRmNGJmMGI1MTMx2AIB4AIB&ucfs=1&arphpl=1&group_adults=2&req_adults=2&no_rooms=1&group_children=0&req_children=0&hpos=6&hapos=6&sr_order=popularity&srpvid=5dde975a972e00f6&srepoch=1777152695&from=searchresults,
Bormes les Mimosas,Villa Merveille,9.4,https://www.booking.com/hotel/fr/merveille.fr.html?aid=304142&label=gen173nr-10CAQoggJCGXNlYXJjaF9ib3JtZXMgbGVzIG1pbW9zYXNIDVgEaE2IAQGYATO4ARfIAQzYAQPoAQH4AQGIAgGoAgG4ArXltM8GwAIB0gIkZWRkZDA1NWItMWE1Zi00M2IzLWI1NmYtYWRmNGJmMGI1MTMx2AIB4AIB&ucfs=1&arphpl=1&group_adults=2&req_adults=2&no_rooms=1&group_children=0&req_children=0&hpos=7&hapos=7&sr_order=popularity&srpvid=5dde975a972e00f6&srepoch=1777152695&from=searchresults,
Bormes les Mimosas,The Little House,9.8,https://www.booking.com/hotel/fr/the-little-house-bormes-les-mimosas.fr.html?aid=304142&label=gen173nr-10CAQoggJCGXNlYXJjaF9ib3JtZXMgbGVzIG1pbW9zYXNIDVgEaE2IAQGYATO4ARfIAQzYAQPoAQH4AQGIAgGoAgG4ArXltM8GwAIB0gIkZWRkZDA1NWItMWE1Zi00M2IzLWI1NmYtYWRmNGJmMGI1MTMx2AIB4AIB&ucfs=1&arphpl=1&group_adults=2&req_adults=2&no_rooms=1&group_children=0&req_children=0&hpos=8&hapos=8&sr_order=popularity&srpvid=5dde975a972e00f6&srepoch=1777152695&from=searchresults,
Bormes les Mimosas,La petite Provence,9.0,https://www.booking.com/hotel/fr/lovely-place-for-2.fr.html?aid=304142&label=gen173nr-10CAQoggJCGXNlYXJjaF9ib3JtZXMgbGVzIG1pbW9zYXNIDVgEaE2IAQGYATO4ARfIAQzYAQPoAQH4AQGIAgGoAgG4ArXltM8GwAIB0gIkZWRkZDA1NWItMWE1Zi00M2IzLWI1NmYtYWRmNGJmMGI1MTMx2AIB4AIB&ucfs=1&arphpl=1&group_adults=2&req_adults=2&no_rooms=1&group_children=0&req_children=0&hpos=9&hapos=9&sr_order=popularity&srpvid=5dde975a972e00f6&srepoch=1777152695&from=searchresults,
Bormes les Mimosas,Hostellerie du Cigalou,8.7,https://www.booking.com/hotel/fr/hostellerie-du-cigalou.fr.html?aid=304142&label=gen173nr-10CAQoggJCGXNlYXJjaF9ib3JtZXMgbGVzIG1pbW9zYXNIDVgEaE2IAQGYATO4ARfIAQzYAQPoAQH4AQGIAgGoAgG4ArXltM8GwAIB0gIkZWRkZDA1NWItMWE1Zi00M2IzLWI1NmYtYWRmNGJmMGI1MTMx2AIB4AIB&ucfs=1&arphpl=1&group_adults=2&req_adults=2&no_rooms=1&group_children=0&req_children=0&hpos=10&hapos=10&sr_order=popularity&srpvid=5dde975a972e00f6&srepoch=1777152695&from=searchresults,
Montauban,Dali Hôtel Montauban,8.9,https://www.booking.com/hotel/fr/dali-montauban.fr.html?aid=304142&label=gen173bo-10CAQoggJCGHNlYXJjaF9tb250YXViYW4sIGZyYW5jZUgNWANoTYgBAZgBM7gBF8gBDNgBA-gBAfgBAYgCAZgCAqgCAbgCwJes0AbAAgHSAiQ3MjhmODk5Mi0yM2YxLTRjOGYtYjljZS0wNzc2NmU4NTlhYmbYAgHgAgE&ucfs=1&arphpl=1&group_adults=2&req_adults=2&no_rooms=1&group_children=0&req_children=0&hpos=1&hapos=1&sr_order=popularity&srpvid=00a55aa0370c01b3&srepoch=1779108803&from=searchresults,
Montauban,"room five - parking, balnéothérapie, place nationale, un havre de paix",9.6,https://www.booking.com/hotel/fr/room-five-montauban.fr.html?aid=304142&label=gen173bo-10CAQoggJCGHNlYXJjaF9tb250YXViYW4sIGZyYW5jZUgNWANoTYgBAZgBM7gBF8gBDNgBA-gBAfgBAYgCAZgCAqgCAbgCwJes0AbAAgHSAiQ3MjhmODk5Mi0yM2YxLTRjOGYtYjljZS0wNzc2NmU4NTlhYmbYAgHgAgE&ucfs=1&arphpl=1&group_adults=2&req_adults=2&no_rooms=1&group_children=0&req_children=0&hpos=2&hapos=2&sr_order=popularity&srpvid=00a55aa0370c01b3&srepoch=1779108803&from=searchresults,
Montauban,"Chez Juliette, proche Place Nationale avec parking",9.2,https://www.booking.com/hotel/fr/chez-juliette-close-to-place-nationale-amp-parking.fr.html?aid=304142&label=gen173bo-10CAQoggJCGHNlYXJjaF9tb250YXViYW4sIGZyYW5jZUgNWANoTYgBAZgBM7gBF8gBDNgBA-gBAfgBAYgCAZgCAqgCAbgCwJes0AbAAgHSAiQ3MjhmODk5Mi0yM2YxLTRjOGYtYjljZS0wNzc2NmU4NTlhYmbYAgHgAgE&ucfs=1&arphpl=1&group_adults=2&req_adults=2&no_rooms=1&group_children=0&req_children=0&hpos=3&hapos=3&sr_order=popularity&srpvid=00a55aa0370c01b3&srepoch=1779108803&from=searchresults,
Montauban,Vanille Bourbon,9.4,https://www.booking.com/hotel/fr/vanille-bourbon.fr.html?aid=304142&label=gen173bo-10CAQoggJCGHNlYXJjaF9tb250YXViYW4sIGZyYW5jZUgNWANoTYgBAZgBM7gBF8gBDNgBA-gBAfgBAYgCAZgCAqgCAbgCwJes0AbAAgHSAiQ3MjhmODk5Mi0yM2YxLTRjOGYtYjljZS0wNzc2NmU4NTlhYmbYAgHgAgE&ucfs=1&arphpl=1&group_adults=2&req_adults=2&no_rooms=1&group_children=0&req_children=0&hpos=4&hapos=4&sr_order=popularity&srpvid=00a55aa0370c01b3&srepoch=1779108803&from=searchresults,
Montauban,Le Terra Cotta - proche Hyper centre,9.6,https://www.booking.com/hotel/fr/le-terra-cotta-proche-hyper-centre.fr.html?aid=304142&label=gen173bo-10CAQoggJCGHNlYXJjaF9tb250YXViYW4sIGZyYW5jZUgNWANoTYgBAZgBM7gBF8gBDNgBA-gBAfgBAYgCAZgCAqgCAbgCwJes0AbAAgHSAiQ3MjhmODk5Mi0yM2YxLTRjOGYtYjljZS0wNzc2NmU4NTlhYmbYAgHgAgE&ucfs=1&arphpl=1&group_adults=2&req_adults=2&no_rooms=1&group_children=0&req_children=0&hpos=5&hapos=5&sr_order=popularity&srpvid=00a55aa0370c01b3&srepoch=1779108803&from=searchresults,
Montauban,Le Clos Andrée - Charmante maison 8 personnes - 5 lits - Climatisation réversible RDC - Parking 3 véhicules - Garage - Zone Nord Montauban - Terrasse et jardin,9.1,https://www.booking.com/hotel/fr/leclosandreecharmante-maison-jardin-parking.fr.html?aid=304142&label=gen173bo-10CAQoggJCGHNlYXJjaF9tb250YXViYW4sIGZyYW5jZUgNWANoTYgBAZgBM7gBF8gBDNgBA-gBAfgBAYgCAZgCAqgCAbgCwJes0AbAAgHSAiQ3MjhmODk5Mi0yM2YxLTRjOGYtYjljZS0wNzc2NmU4NTlhYmbYAgHgAgE&ucfs=1&arphpl=1&group_adults=2&req_adults=2&no_rooms=1&group_children=0&req_children=0&hpos=6&hapos=6&sr_order=popularity&srpvid=00a55aa0370c01b3&srepoch=1779108803&from=searchresults,
Montauban,COSYment parfait,8.2,https://www.booking.com/hotel/fr/cosyment-parfait.fr.html?aid=304142&label=gen173bo-10CAQoggJCGHNlYXJjaF9tb250YXViYW4sIGZyYW5jZUgNWANoTYgBAZgBM7gBF8gBDNgBA-gBAfgBAYgCAZgCAqgCAbgCwJes0AbAAgHSAiQ3MjhmODk5Mi0yM2YxLTRjOGYtYjljZS0wNzc2NmU4NTlhYmbYAgHgAgE&ucfs=1&arphpl=1&group_adults=2&req_adults=2&no_rooms=1&group_children=0&req_children=0&hpos=7&hapos=7&sr_order=popularity&srpvid=00a55aa0370c01b3&srepoch=1779108803&from=searchresults,
Montauban,DORMIR A MONTAUBAN Logements Carreyrat Calme et Verdoyant,8.5,https://www.booking.com/hotel/fr/studio-carreyrat-cadre-calme-et-verdoyant.fr.html?aid=304142&label=gen173bo-10CAQoggJCGHNlYXJjaF9tb250YXViYW4sIGZyYW5jZUgNWANoTYgBAZgBM7gBF8gBDNgBA-gBAfgBAYgCAZgCAqgCAbgCwJes0AbAAgHSAiQ3MjhmODk5Mi0yM2YxLTRjOGYtYjljZS0wNzc2NmU4NTlhYmbYAgHgAgE&ucfs=1&arphpl=1&group_adults=2&req_adults=2&no_rooms=1&group_children=0&req_children=0&hpos=8&hapos=8&sr_order=popularity&srpvid=00a55aa0370c01b3&srepoch=1779108803&from=searchresults,
Montauban,Brit Hotel Confort Montauban,8.5,https://www.booking.com/hotel/fr/deltour-montauban-city.fr.html?aid=304142&label=gen173bo-10CAQoggJCGHNlYXJjaF9tb250YXViYW4sIGZyYW5jZUgNWANoTYgBAZgBM7gBF8gBDNgBA-gBAfgBAYgCAZgCAqgCAbgCwJes0AbAAgHSAiQ3MjhmODk5Mi0yM2YxLTRjOGYtYjljZS0wNzc2NmU4NTlhYmbYAgHgAgE&ucfs=1&arphpl=1&group_adults=2&req_adults=2&no_rooms=1&group_children=0&req_children=0&hpos=9&hapos=9&sr_order=popularity&srpvid=00a55aa0370c01b3&srepoch=1779108803&from=searchresults,
Montauban,Le beau Briand proche gare parking facile,8.4,https://www.booking.com/hotel/fr/le-beau-briand-proche-gare-parking-facile.fr.html?aid=304142&label=gen173bo-10CAQoggJCGHNlYXJjaF9tb250YXViYW4sIGZyYW5jZUgNWANoTYgBAZgBM7gBF8gBDNgBA-gBAfgBAYgCAZgCAqgCAbgCwJes0AbAAgHSAiQ3MjhmODk5Mi0yM2YxLTRjOGYtYjljZS0wNzc2NmU4NTlhYmbYAgHgAgE&ucfs=1&arphpl=1&group_adults=2&req_adults=2&no_rooms=1&group_children=0&req_children=0&hpos=10&hapos=10&sr_order=popularity&srpvid=00a55aa0370c01b3&srepoch=1779108803&from=searchresults,
Nimes,Royal Hôtel,8.4,https://www.booking.com/hotel/fr/royal.fr.html?aid=304142&label=gen173nr-10CAQoggJCFHNlYXJjaF9uaW1lcywgZnJhbmNlSA1YBGhNiAEBmAEzuAEXyAEM2AED6AEB-AEBiAIBqAIBuALckKzQBsACAdICJDc5OGUzZDg4LWVhOGYtNGI5NC1iZjRhLWViZmU0MjY5MGMwZtgCAeACAQ&ucfs=1&arphpl=1&group_adults=2&req_adults=2&no_rooms=1&group_children=0&req_children=0&hpos=1&hapos=1&sr_order=popularity&srpvid=9a3a58ee0d620125&srepoch=1779107935&from=searchresults,
Nimes,"Appartement 4 à 8 personnes, Spacieux de Standing Classé 4 Etoiles",9.6,https://www.booking.com/hotel/fr/appartement-spacieux-de-grand-standing-de-200-m2.fr.html?aid=304142&label=gen173nr-10CAQoggJCFHNlYXJjaF9uaW1lcywgZnJhbmNlSA1YBGhNiAEBmAEzuAEXyAEM2AED6AEB-AEBiAIBqAIBuALckKzQBsACAdICJDc5OGUzZDg4LWVhOGYtNGI5NC1iZjRhLWViZmU0MjY5MGMwZtgCAeACAQ&ucfs=1&arphpl=1&group_adults=2&req_adults=2&no_rooms=1&group_children=0&req_children=0&hpos=2&hapos=2&sr_order=popularity&srpvid=9a3a58ee0d620125&srepoch=1779107935&from=searchresults,
Nimes,Hotel Cote Patio,8.4,https://www.booking.com/hotel/fr/hotelcotepatio.fr.html?aid=304142&label=gen173nr-10CAQoggJCFHNlYXJjaF9uaW1lcywgZnJhbmNlSA1YBGhNiAEBmAEzuAEXyAEM2AED6AEB-AEBiAIBqAIBuALckKzQBsACAdICJDc5OGUzZDg4LWVhOGYtNGI5NC1iZjRhLWViZmU0MjY5MGMwZtgCAeACAQ&ucfs=1&arphpl=1&group_adults=2&req_adults=2&no_rooms=1&group_children=0&req_children=0&hpos=3&hapos=3&sr_order=popularity&srpvid=9a3a58ee0d620125&srepoch=1779107935&from=searchresults,
Nimes,Roma Divine home cinéma et jardin,9.7,https://www.booking.com/hotel/fr/roma-divine-home-cinema-jardinet-hyper-centre.fr.html?aid=304142&label=gen173nr-10CAQoggJCFHNlYXJjaF9uaW1lcywgZnJhbmNlSA1YBGhNiAEBmAEzuAEXyAEM2AED6AEB-AEBiAIBqAIBuALckKzQBsACAdICJDc5OGUzZDg4LWVhOGYtNGI5NC1iZjRhLWViZmU0MjY5MGMwZtgCAeACAQ&ucfs=1&arphpl=1&group_adults=2&req_adults=2&no_rooms=1&group_children=0&req_children=0&hpos=4&hapos=4&sr_order=popularity&srpvid=9a3a58ee0d620125&srepoch=1779107935&from=searchresults,
Nimes,Le Mas des Oliviers Nîmes,9.4,https://www.booking.com/hotel/fr/le-mas-des-oliviers-nimes.fr.html?aid=304142&label=gen173nr-10CAQoggJCFHNlYXJjaF9uaW1lcywgZnJhbmNlSA1YBGhNiAEBmAEzuAEXyAEM2AED6AEB-AEBiAIBqAIBuALckKzQBsACAdICJDc5OGUzZDg4LWVhOGYtNGI5NC1iZjRhLWViZmU0MjY5MGMwZtgCAeACAQ&ucfs=1&arphpl=1&group_adults=2&req_adults=2&no_rooms=1&group_children=0&req_children=0&hpos=5&hapos=5&sr_order=popularity&srpvid=9a3a58ee0d620125&srepoch=1779107935&from=searchresults,
Nimes,Appart'hôtel Odalys City - Nîmes Arènes - Palais des Congrès,8.5,https://www.booking.com/hotel/fr/odalys-city-nimes-arenes.fr.html?aid=304142&label=gen173nr-10CAQoggJCFHNlYXJjaF9uaW1lcywgZnJhbmNlSA1YBGhNiAEBmAEzuAEXyAEM2AED6AEB-AEBiAIBqAIBuALckKzQBsACAdICJDc5OGUzZDg4LWVhOGYtNGI5NC1iZjRhLWViZmU0MjY5MGMwZtgCAeACAQ&ucfs=1&arphpl=1&group_adults=2&req_adults=2&no_rooms=1&group_children=0&req_children=0&hpos=6&hapos=6&sr_order=popularity&srpvid=9a3a58ee0d620125&srepoch=1779107935&from=searchresults,
Nimes,SQUARE HOTEL,8.6,https://www.booking.com/hotel/fr/square-nimes.fr.html?aid=304142&label=gen173nr-10CAQoggJCFHNlYXJjaF9uaW1lcywgZnJhbmNlSA1YBGhNiAEBmAEzuAEXyAEM2AED6AEB-AEBiAIBqAIBuALckKzQBsACAdICJDc5OGUzZDg4LWVhOGYtNGI5NC1iZjRhLWViZmU0MjY5MGMwZtgCAeACAQ&ucfs=1&arphpl=1&group_adults=2&req_adults=2&no_rooms=1&group_children=0&req_children=0&hpos=7&hapos=7&sr_order=popularity&srpvid=9a3a58ee0d620125&srepoch=1779107935&from=searchresults,
Nimes,Novotel Atria Nimes Centre,8.5,https://www.booking.com/hotel/fr/atria-nimes-centre.fr.html?aid=304142&label=gen173nr-10CAQoggJCFHNlYXJjaF9uaW1lcywgZnJhbmNlSA1YBGhNiAEBmAEzuAEXyAEM2AED6AEB-AEBiAIBqAIBuALckKzQBsACAdICJDc5OGUzZDg4LWVhOGYtNGI5NC1iZjRhLWViZmU0MjY5MGMwZtgCAeACAQ&ucfs=1&arphpl=1&group_adults=2&req_adults=2&no_rooms=1&group_children=0&req_children=0&hpos=8&hapos=8&sr_order=popularity&srpvid=9a3a58ee0d620125&srepoch=1779107935&from_sustainable_property_sr=1&from=searchresults,
Nimes,"AfroBoHome, Expérience Atypique, clim, 2 à 6 personnes, Proche centre Nîmes, Garage clos",9.7,https://www.booking.com/hotel/fr/afrobohome-terrasse-paysagere-et-amenagee-parking-gratuit-climatisation-centre-v.fr.html?aid=304142&label=gen173nr-10CAQoggJCFHNlYXJjaF9uaW1lcywgZnJhbmNlSA1YBGhNiAEBmAEzuAEXyAEM2AED6AEB-AEBiAIBqAIBuALckKzQBsACAdICJDc5OGUzZDg4LWVhOGYtNGI5NC1iZjRhLWViZmU0MjY5MGMwZtgCAeACAQ&ucfs=1&arphpl=1&group_adults=2&req_adults=2&no_rooms=1&group_children=0&req_children=0&hpos=9&hapos=9&sr_order=popularity&srpvid=9a3a58ee0d620125&srepoch=1779107935&from=searchresults,
Nimes,Résidence Du Golf,8.5,https://www.booking.com/hotel/fr/residence-du-golf.fr.html?aid=304142&label=gen173nr-10CAQoggJCFHNlYXJjaF9uaW1lcywgZnJhbmNlSA1YBGhNiAEBmAEzuAEXyAEM2AED6AEB-AEBiAIBqAIBuALckKzQBsACAdICJDc5OGUzZDg4LWVhOGYtNGI5NC1iZjRhLWViZmU0MjY5MGMwZtgCAeACAQ&ucfs=1&arphpl=1&group_adults=2&req_adults=2&no_rooms=1&group_children=0&req_children=0&hpos=10&hapos=10&sr_order=popularity&srpvid=9a3a58ee0d620125&srepoch=1779107935&from=searchresults,
Strasbourg,ClapClap Hôtel Strasbourg,8.0,https://www.booking.com/hotel/fr/clapclap-strasbourg.fr.html?aid=304142&label=gen173nr-10CAQoggJCGXNlYXJjaF9zdHJhc2JvdXJnLCBmcmFuY2VIDVgEaE2IAQGYATO4ARfIAQzYAQPoAQH4AQGIAgGoAgG4Ar7ltM8GwAIB0gIkMjBmODk5OTMtZjgzMS00OTEwLWI2NTItZmJjNDgyMzA2Zjlh2AIB4AIB&ucfs=1&arphpl=1&group_adults=2&req_adults=2&no_rooms=1&group_children=0&req_children=0&hpos=1&hapos=1&sr_order=popularity&srpvid=3832975f82c00098&srepoch=1777152703&from=searchresults,
Strasbourg,Hotel des Vosges BW Premier Collection,8.6,https://www.booking.com/hotel/fr/des-vosges.fr.html?aid=304142&label=gen173nr-10CAQoggJCGXNlYXJjaF9zdHJhc2JvdXJnLCBmcmFuY2VIDVgEaE2IAQGYATO4ARfIAQzYAQPoAQH4AQGIAgGoAgG4Ar7ltM8GwAIB0gIkMjBmODk5OTMtZjgzMS00OTEwLWI2NTItZmJjNDgyMzA2Zjlh2AIB4AIB&ucfs=1&arphpl=1&group_adults=2&req_adults=2&no_rooms=1&group_children=0&req_children=0&hpos=2&hapos=2&sr_order=popularity&srpvid=3832975f82c00098&srepoch=1777152703&from_sustainable_property_sr=1&from=searchresults,
Strasbourg,Les Appartements du Renard,8.9,https://www.booking.com/hotel/fr/appartements-du-renard.fr.html?aid=304142&label=gen173nr-10CAQoggJCGXNlYXJjaF9zdHJhc2JvdXJnLCBmcmFuY2VIDVgEaE2IAQGYATO4ARfIAQzYAQPoAQH4AQGIAgGoAgG4Ar7ltM8GwAIB0gIkMjBmODk5OTMtZjgzMS00OTEwLWI2NTItZmJjNDgyMzA2Zjlh2AIB4AIB&ucfs=1&arphpl=1&group_adults=2&req_adults=2&no_rooms=1&group_children=0&req_children=0&hpos=3&hapos=3&sr_order=popularity&srpvid=3832975f82c00098&srepoch=1777152703&from=searchresults,
Strasbourg,Aparthotel Adagio Access Strasbourg Petite France,8.0,https://www.booking.com/hotel/fr/adagio-access-strasbourg-petite-france.fr.html?aid=304142&label=gen173nr-10CAQoggJCGXNlYXJjaF9zdHJhc2JvdXJnLCBmcmFuY2VIDVgEaE2IAQGYATO4ARfIAQzYAQPoAQH4AQGIAgGoAgG4Ar7ltM8GwAIB0gIkMjBmODk5OTMtZjgzMS00OTEwLWI2NTItZmJjNDgyMzA2Zjlh2AIB4AIB&ucfs=1&arphpl=1&group_adults=2&req_adults=2&no_rooms=1&group_children=0&req_children=0&hpos=4&hapos=4&sr_order=popularity&srpvid=3832975f82c00098&srepoch=1777152703&from_sustainable_property_sr=1&from=searchresults,
Strasbourg,Séjours & Affaires Strasbourg Kleber,7.8,https://www.booking.com/hotel/fr/residhome-strasbourg-kleber.fr.html?aid=304142&label=gen173nr-10CAQoggJCGXNlYXJjaF9zdHJhc2JvdXJnLCBmcmFuY2VIDVgEaE2IAQGYATO4ARfIAQzYAQPoAQH4AQGIAgGoAgG4Ar7ltM8GwAIB0gIkMjBmODk5OTMtZjgzMS00OTEwLWI2NTItZmJjNDgyMzA2Zjlh2AIB4AIB&ucfs=1&arphpl=1&group_adults=2&req_adults=2&no_rooms=1&group_children=0&req_children=0&hpos=5&hapos=5&sr_order=popularity&srpvid=3832975f82c00098&srepoch=1777152703&from=searchresults,
Strasbourg,Strasbourg Centre Epine,9.1,https://www.booking.com/hotel/fr/strasbourg-centre-epine.fr.html?aid=304142&label=gen173nr-10CAQoggJCGXNlYXJjaF9zdHJhc2JvdXJnLCBmcmFuY2VIDVgEaE2IAQGYATO4ARfIAQzYAQPoAQH4AQGIAgGoAgG4Ar7ltM8GwAIB0gIkMjBmODk5OTMtZjgzMS00OTEwLWI2NTItZmJjNDgyMzA2Zjlh2AIB4AIB&ucfs=1&arphpl=1&group_adults=2&req_adults=2&no_rooms=1&group_children=0&req_children=0&hpos=6&hapos=6&sr_order=popularity&srpvid=3832975f82c00098&srepoch=1777152703&from=searchresults,
Strasbourg,voco Strasbourg Centre - The Garden by IHG,8.5,https://www.booking.com/hotel/fr/golden-tulip-strasbourg-centre-the-garden.fr.html?aid=304142&label=gen173nr-10CAQoggJCGXNlYXJjaF9zdHJhc2JvdXJnLCBmcmFuY2VIDVgEaE2IAQGYATO4ARfIAQzYAQPoAQH4AQGIAgGoAgG4Ar7ltM8GwAIB0gIkMjBmODk5OTMtZjgzMS00OTEwLWI2NTItZmJjNDgyMzA2Zjlh2AIB4AIB&ucfs=1&arphpl=1&group_adults=2&req_adults=2&no_rooms=1&group_children=0&req_children=0&hpos=7&hapos=7&sr_order=popularity&srpvid=3832975f82c00098&srepoch=1777152703&from_sustainable_property_sr=1&from=searchresults,
Strasbourg,Citadines Kléber Strasbourg,8.3,https://www.booking.com/hotel/fr/citadines-aparthotel-strasbourg.fr.html?aid=304142&label=gen173nr-10CAQoggJCGXNlYXJjaF9zdHJhc2JvdXJnLCBmcmFuY2VIDVgEaE2IAQGYATO4ARfIAQzYAQPoAQH4AQGIAgGoAgG4Ar7ltM8GwAIB0gIkMjBmODk5OTMtZjgzMS00OTEwLWI2NTItZmJjNDgyMzA2Zjlh2AIB4AIB&ucfs=1&arphpl=1&group_adults=2&req_adults=2&no_rooms=1&group_children=0&req_children=0&hpos=8&hapos=8&sr_order=popularity&srpvid=3832975f82c00098&srepoch=1777152703&from_sustainable_property_sr=1&from=searchresults,
Strasbourg,City Résidence Strasbourg Centre,7.8,https://www.booking.com/hotel/fr/appart-victoria-garden-strasbourg.fr.html?aid=304142&label=gen173nr-10CAQoggJCGXNlYXJjaF9zdHJhc2JvdXJnLCBmcmFuY2VIDVgEaE2IAQGYATO4ARfIAQzYAQPoAQH4AQGIAgGoAgG4Ar7ltM8GwAIB0gIkMjBmODk5OTMtZjgzMS00OTEwLWI2NTItZmJjNDgyMzA2Zjlh2AIB4AIB&ucfs=1&arphpl=1&group_adults=2&req_adults=2&no_rooms=1&group_children=0&req_children=0&hpos=9&hapos=9&sr_order=popularity&srpvid=3832975f82c00098&srepoch=1777152703&from=searchresults,
Strasbourg,LiFE VOYAGE RESIDENCE & SPA - Strasbourg's City Center Luxury Experience,9.0,https://www.booking.com/hotel/fr/life-voyage-residence.fr.html?aid=304142&label=gen173nr-10CAQoggJCGXNlYXJjaF9zdHJhc2JvdXJnLCBmcmFuY2VIDVgEaE2IAQGYATO4ARfIAQzYAQPoAQH4AQGIAgGoAgG4Ar7ltM8GwAIB0gIkMjBmODk5OTMtZjgzMS00OTEwLWI2NTItZmJjNDgyMzA2Zjlh2AIB4AIB&ucfs=1&arphpl=1&group_adults=2&req_adults=2&no_rooms=1&group_children=0&req_children=0&hpos=10&hapos=10&sr_order=popularity&srpvid=3832975f82c00098&srepoch=1777152703&from=searchresults,
